{"cameraMode":{"drawMode":0,"name":"Shaded","section":"Shading Mode"},"sceneLighting":true,"audioPlay":false,"sceneViewState":{"m_AlwaysRefresh":false,"showFog":true,"showSkybox":true,"showFlares":true,"showImageEffects":true,"showParticleSystems":true,"showVisualEffectGraphs":true,"m_FxEnabled":false},"in2DMode":false,"pivot":{"x":-1.0379770994186402,"y":0.028797831386327745,"z":-0.03947335109114647},"rotation":{"x":0.027625465765595437,"y":0.4803421199321747,"z":-0.015128063969314099,"w":0.8765610456466675},"size":0.8660253882408142,"orthographic":false}