{"cameraMode":{"drawMode":0,"name":"Shaded","section":"Shading Mode"},"sceneLighting":true,"audioPlay":false,"sceneViewState":{"m_AlwaysRefresh":false,"showFog":true,"showSkybox":true,"showFlares":true,"showImageEffects":true,"showParticleSystems":true,"showVisualEffectGraphs":true,"m_FxEnabled":false},"in2DMode":false,"pivot":{"x":-32.498050689697269,"y":-1.6672191619873047,"z":-10.37704086303711},"rotation":{"x":0.13372550904750825,"y":0.27871692180633547,"z":-0.039218779653310779,"w":0.9502326250076294},"size":1.299038052558899,"orthographic":false}